{"남중 고도": {"document_hash": "4aafe62c1de367bdb7ad5a6cda08808c999eda6b7e3ceaff4763b980291f38d2", "modified_time": 1703750528.9577909, "created_time": 1703750528.9577909}, "인간을 바꾸는 세 가지 방법": {"document_hash": "877a818e0d896da8c03c7f88953f1c3bdcc15efc91feb1abe41303e3e7ab38c2", "modified_time": 1703849857.8819585, "created_time": 1703849857.8819585}, "플라자 합의": {"document_hash": "973889d6bd666d88ebba30c1693d6aac46e5c00f99afff3402ba74496c8996b3", "modified_time": 1704473876.024619, "created_time": 1704473876.024619}, "wiki.chiho.one": {"document_hash": "7e3ca0b4085b1635f93491e666beae32df0fdb85e0656799dac3c9146b536fcd", "modified_time": 1704477178.584972, "created_time": 1703588332.9202235}, "index": {"document_hash": "b3e9cece52eb89e001d068c7bde226480d25afaa40007472b87bfe43e4bc19a1", "modified_time": 1704476912.0039995, "created_time": 1704471366.0871286}, "styletest": {"document_hash": "92900908069b58a7868ffd23e7f13a8b9a9fb76ef50fa878a1a1c89f8ba316b7", "modified_time": 1703728744.234834, "created_time": 1703728744.234834}, "제텔카스텐": {"document_hash": "c225e7a26b91ab225bd19b4cd223664b2714faa3c1444f70a9212c951a674f64", "modified_time": 1704476351.5751739, "created_time": 1704474215.9812002}, "비행기 이착륙 전에 창문을 여는 이유": {"document_hash": "b7b4d62d6aab7c54c445d9df646e5c04725f66d9a9d906b02a7558a5d1b5d82f", "modified_time": 1704476911.9945295, "created_time": 1704476911.9947312}}