{"남중 고도": {"document_hash": "4aafe62c1de367bdb7ad5a6cda08808c999eda6b7e3ceaff4763b980291f38d2", "modified_time": 1703750528.9577909, "created_time": 1703750528.9577909}, "인간을 바꾸는 세 가지 방법": {"document_hash": "877a818e0d896da8c03c7f88953f1c3bdcc15efc91feb1abe41303e3e7ab38c2", "modified_time": 1703849857.8819585, "created_time": 1703849857.8819585}, "플라자 합의": {"document_hash": "973889d6bd666d88ebba30c1693d6aac46e5c00f99afff3402ba74496c8996b3", "modified_time": 1704473876.024619, "created_time": 1704473876.024619}, "wiki.chiho.one": {"document_hash": "a46632eb10105d3d5fef4cc2f994dec3732fbef6e8332692c09c6a88a88eb8b1", "modified_time": 1704477178.584972, "created_time": 1703588332.9202235}, "index": {"document_hash": "617a2a51f8b47001903a9be3943342c2489e273c528bb7c859c64388f70f36a3", "modified_time": 1704527405.3735042, "created_time": 1704471366.0871286}, "styletest": {"document_hash": "a92f8d7e911820d59b9f52e4e442fd6f792e95a4b411605af2403a541c9da944", "modified_time": 1703728744.234834, "created_time": 1703728744.234834}, "제텔카스텐": {"document_hash": "caec16ce2933086649d5f8010825182e927ef9c897281794bc412bffe861ec27", "modified_time": 1704476351.5751739, "created_time": 1704474215.9812002}, "비행기 이착륙 전에 창문을 여는 이유": {"document_hash": "cf1322c1214d2c0d21854af6d846fa63172aafd314944a4badf1231092091fda", "modified_time": 1704476911.9945295, "created_time": 1704476911.9947312}, "쇼가쓰": {"document_hash": "be9077d3b494ab6dbdfcdab49bd6fa8ddc390ae49719831a2ac1324dbb50ab37", "modified_time": 1704478067.5957394, "created_time": 1704478067.5957394}, "Apartheid": {"document_hash": "0dad8a0be6a13e7d17dcc6eef056dddd1c46000e420a0865fa61045ead5a4acd", "modified_time": 1704529882.4697502, "created_time": 1704528587.5017393}, "일론 머스크": {"document_hash": "c170ec938ff892bd2054d39b138204ba46c0dd943cd2de6dc38b56ddca8a2f0d", "modified_time": 1704530271.5391464, "created_time": 1704530271.5391464}}