{"남중 고도": {"document_hash": "4aafe62c1de367bdb7ad5a6cda08808c999eda6b7e3ceaff4763b980291f38d2", "modified_time": 1704476159.6542969, "created_time": 1704476159.6542969}, "인간을 바꾸는 세 가지 방법": {"document_hash": "b3f5fff0b13e08644348db565492534e6f7709e1963a8477108a77f85534d437", "modified_time": 1703849857.8819585, "created_time": 1703849857.8819585}, "플라자 합의": {"document_hash": "2f1421b55df62578cde3eb6b9fa664805944c546e719770b2c90726c9e8f11c6", "modified_time": 1704473876.024619, "created_time": 1704473876.024619}, "Apartheid": {"document_hash": "50db29bdc8f23ea8e7076472cf32b4d61d0f6cfda626e4d88922aab0c8ee1e90", "modified_time": 1704529882.4697502, "created_time": 1704529882.4697502}, "Lockstep": {"document_hash": "8aeddb3574067dd958b8887411474fbc04947ea2dcd33317756363e45fa60d4a", "modified_time": 1705239193.7421982, "created_time": 1705239193.7421982}, "wiki.chiho.one": {"document_hash": "4a8d932a2ef944226e72a4489fa0330f06ab6aa3559b20b01391aa73240058df", "modified_time": 1704477178.584972, "created_time": 1704477178.584972}, "index": {"document_hash": "8a222df2901f110f983a6cbe2b6997d14e86d2ab188584f9e81dcecf2938a379", "modified_time": 1705242556.7116687, "created_time": 1705239193.7423346}, "비행기 이착륙 전에 창문을 여는 이유": {"document_hash": "76715df678d0a52d0bacbbd7d22150e4caa8f50d60cfaf031c8148995ed3f80d", "modified_time": 1704476911.9945295, "created_time": 1704476911.9947312}, "styletest": {"document_hash": "483304198cdac2407bf7afc94fc98e91700c56b29161786d7ed7943608e05bfd", "modified_time": 1703728744.234834, "created_time": 1703728744.234834}, "일론 머스크": {"document_hash": "4b1a614cde6cfe2671ed15f4fe6e23c4b2f33374925ac8e884f4709a2b139d6c", "modified_time": 1704530271.5391464, "created_time": 1704530271.5391464}, "제텔카스텐": {"document_hash": "7958e312a86c8f316297934a48f2ca5f904599c39364590d0f7b5c3734e336fe", "modified_time": 1704476351.5751739, "created_time": 1704476351.5751739}, "쇼가쓰": {"document_hash": "18ca809fe2286e33bf6d35b16cff52dac1e88a635efa208e0d9d2ea3a77857fc", "modified_time": 1704478067.5957394, "created_time": 1704478067.5957394}, "Bélády's anomaly": {"document_hash": "8b7c6b1c755a9026b1edc8d9633e93c320b33369fd76ad195325ec7d99b255a2", "modified_time": 1705241793.5623257, "created_time": 1705241793.5623257}, "scp": {"document_hash": "4e5632beae4ebb4c26c4eadfcdfcb2255bbc65dba1083fdcccfdb24c1ad14f00", "modified_time": 1705242848.1687677, "created_time": 1705242848.1687677}}