{"남중 고도": {"document_hash": "4aafe62c1de367bdb7ad5a6cda08808c999eda6b7e3ceaff4763b980291f38d2", "modified_time": 1703750528.9577909, "created_time": 1703750528.9577909}, "인간을 바꾸는 세 가지 방법": {"document_hash": "877a818e0d896da8c03c7f88953f1c3bdcc15efc91feb1abe41303e3e7ab38c2", "modified_time": 1703849857.8819585, "created_time": 1703849857.8819585}, "플라자 합의": {"document_hash": "973889d6bd666d88ebba30c1693d6aac46e5c00f99afff3402ba74496c8996b3", "modified_time": 1704473876.024619, "created_time": 1704473876.024619}, "wiki.chiho.one": {"document_hash": "a46632eb10105d3d5fef4cc2f994dec3732fbef6e8332692c09c6a88a88eb8b1", "modified_time": 1704477178.584972, "created_time": 1703588332.9202235}, "index": {"document_hash": "89b748e3aa495ae7e71a5a6eff6d94e0da96aa1d4cae431b83d0c8a9761d7600", "modified_time": 1704530967.2191732, "created_time": 1704471366.0871286}, "styletest": {"document_hash": "c28751a6d3900058159ccef8ba5aa0ec17e5ff49dd5de71027552ffc72d41bb2", "modified_time": 1703728744.234834, "created_time": 1703728744.234834}, "제텔카스텐": {"document_hash": "f476a4349f140f862e39c9c748927d46ae933bc56fc4ce42002ed4dd4dc124f6", "modified_time": 1704476351.5751739, "created_time": 1704474215.9812002}, "비행기 이착륙 전에 창문을 여는 이유": {"document_hash": "a82f3d2f0df28d2d20f65a4ed7085e3c5b268aadf7459db0224e54e0bf25c297", "modified_time": 1704476911.9945295, "created_time": 1704476911.9947312}, "쇼가쓰": {"document_hash": "2fa4e4df129e6df049780adfccb0bf6df08dbcab5b42c86603284d3319aa7b4d", "modified_time": 1704478067.5957394, "created_time": 1704478067.5957394}, "Apartheid": {"document_hash": "0dad8a0be6a13e7d17dcc6eef056dddd1c46000e420a0865fa61045ead5a4acd", "modified_time": 1704529882.4697502, "created_time": 1704528587.5017393}, "일론 머스크": {"document_hash": "9a9382eb513d9b77933f1512413737044091f3266ea1f8e6457586ac08ee8cd4", "modified_time": 1704530271.5391464, "created_time": 1704530271.5391464}}