{"남중 고도": {"document_hash": "4aafe62c1de367bdb7ad5a6cda08808c999eda6b7e3ceaff4763b980291f38d2", "modified_time": 1703750528.9577909, "created_time": 1703750528.9577909}, "인간을 바꾸는 세 가지 방법": {"document_hash": "877a818e0d896da8c03c7f88953f1c3bdcc15efc91feb1abe41303e3e7ab38c2", "modified_time": 1703849857.8819585, "created_time": 1703849857.8819585}, "플라자 합의": {"document_hash": "973889d6bd666d88ebba30c1693d6aac46e5c00f99afff3402ba74496c8996b3", "modified_time": 1704473876.024619, "created_time": 1704473876.024619}, "wiki.chiho.one": {"document_hash": "60ae75aeb764711d2738f66bfe865d07a5a1b9351e3d8d1028981239d44f6e70", "modified_time": 1703588332.9202235, "created_time": 1703588332.9202235}, "index": {"document_hash": "3df6a3df05492b31590929fad2a8895451541043294343eb19d9bf1d43ddcd57", "modified_time": 1704476912.0039995, "created_time": 1704471366.0871286}, "styletest": {"document_hash": "df248d646e6b49c3df4cc40e102fb41e239c91a4abd1ee3ceba5c20dcd87b570", "modified_time": 1703728744.234834, "created_time": 1703728744.234834}, "제텔카스텐": {"document_hash": "1aa3b475e74b1ab87f3ce5b639c08161e27b8856e1a6065d847d904e187ee060", "modified_time": 1704476351.5751739, "created_time": 1704474215.9812002}, "비행기 이착륙 전에 창문을 여는 이유": {"document_hash": "ebbd5e2dc27d70b572aee9556b81765abaed8f1b3d38fca93040266750b19080", "modified_time": 1704476911.9945295, "created_time": 1704476911.9947312}}