{"남중 고도": {"document_hash": "4aafe62c1de367bdb7ad5a6cda08808c999eda6b7e3ceaff4763b980291f38d2", "modified_time": 1703750528.9577909, "created_time": 1703750528.9577909}, "인간을 바꾸는 세 가지 방법": {"document_hash": "877a818e0d896da8c03c7f88953f1c3bdcc15efc91feb1abe41303e3e7ab38c2", "modified_time": 1703849857.8819585, "created_time": 1703849857.8819585}, "플라자 합의": {"document_hash": "973889d6bd666d88ebba30c1693d6aac46e5c00f99afff3402ba74496c8996b3", "modified_time": 1704473876.024619, "created_time": 1704473876.024619}, "wiki.chiho.one": {"document_hash": "0b812428af8cc52748c53c24fa747d26345cff2fcda9aee3b316af0008ab81a7", "modified_time": 1704477178.584972, "created_time": 1703588332.9202235}, "index": {"document_hash": "7408d50c8eaa04d2c6228074fcbf3abaaa0db0ced4e92acdbd87f215e4b763e4", "modified_time": 1704527405.3735042, "created_time": 1704471366.0871286}, "styletest": {"document_hash": "2be89562120de4085fce56412c473d6a28c7dd2034d763a0101bc429cd95afe5", "modified_time": 1703728744.234834, "created_time": 1703728744.234834}, "제텔카스텐": {"document_hash": "607143144446f83a1f129828186d79388e6b76a05c235440a05f2b9a4ed9f614", "modified_time": 1704476351.5751739, "created_time": 1704474215.9812002}, "비행기 이착륙 전에 창문을 여는 이유": {"document_hash": "262e9b4ea7bcf20513965ae712c2b3ba7febdd4d08dae62bec4bbaaf45efc64a", "modified_time": 1704476911.9945295, "created_time": 1704476911.9947312}, "쇼가쓰": {"document_hash": "b55c1d52317269c1686877b49030527cfe6de913f7e31ba8987ab066202d9ef4", "modified_time": 1704478067.5957394, "created_time": 1704478067.5957394}, "Apartheid": {"document_hash": "820df62e039a6182401e6b56250c22e1ffec2511f74f46830b6e315af9f03170", "modified_time": 1704528587.5017393, "created_time": 1704528587.5017393}}