{"남중 고도": {"document_hash": "4aafe62c1de367bdb7ad5a6cda08808c999eda6b7e3ceaff4763b980291f38d2", "modified_time": 1703750528.9577909, "created_time": 1703750528.9577909}, "인간을 바꾸는 세 가지 방법": {"document_hash": "877a818e0d896da8c03c7f88953f1c3bdcc15efc91feb1abe41303e3e7ab38c2", "modified_time": 1703849857.8819585, "created_time": 1703849857.8819585}, "플라자 합의": {"document_hash": "973889d6bd666d88ebba30c1693d6aac46e5c00f99afff3402ba74496c8996b3", "modified_time": 1704473876.024619, "created_time": 1704473876.024619}, "wiki.chiho.one": {"document_hash": "7e3ca0b4085b1635f93491e666beae32df0fdb85e0656799dac3c9146b536fcd", "modified_time": 1704477178.584972, "created_time": 1703588332.9202235}, "index": {"document_hash": "d86badbd419c46ca7d849643b55960d948d0969543ae2233089a84a0f91f48a6", "modified_time": 1704477745.5218537, "created_time": 1704471366.0871286}, "styletest": {"document_hash": "608b0b99ae76ee3d62634fd5cdef6e93f357e514327f014ea66d4f95a938facc", "modified_time": 1703728744.234834, "created_time": 1703728744.234834}, "제텔카스텐": {"document_hash": "a78f287c2dcde03c6a25deb7e2d4f47a47f42ff86561d8a879bc47c1a3869213", "modified_time": 1704476351.5751739, "created_time": 1704474215.9812002}, "비행기 이착륙 전에 창문을 여는 이유": {"document_hash": "519fb1b29886ac1f3a92967b27d63e69a66f88c37dcaa70e54018733cbd3449f", "modified_time": 1704476911.9945295, "created_time": 1704476911.9947312}, "쇼가쓰": {"document_hash": "536abefb59091e3ad73facdd1c4bc8aa630f3b95d414ea7b63bbdc663849d41d", "modified_time": 1704478067.5957394, "created_time": 1704478067.5957394}}