{"남중 고도": {"document_hash": "4aafe62c1de367bdb7ad5a6cda08808c999eda6b7e3ceaff4763b980291f38d2", "modified_time": 1704476159.6542969, "created_time": 1704476159.6542969}, "인간을 바꾸는 세 가지 방법": {"document_hash": "877a818e0d896da8c03c7f88953f1c3bdcc15efc91feb1abe41303e3e7ab38c2", "modified_time": 1703849857.8819585, "created_time": 1703849857.8819585}, "플라자 합의": {"document_hash": "973889d6bd666d88ebba30c1693d6aac46e5c00f99afff3402ba74496c8996b3", "modified_time": 1704473876.024619, "created_time": 1704473876.024619}, "Apartheid": {"document_hash": "0dad8a0be6a13e7d17dcc6eef056dddd1c46000e420a0865fa61045ead5a4acd", "modified_time": 1704529882.4697502, "created_time": 1704529882.4697502}, "wiki.chiho.one": {"document_hash": "a46632eb10105d3d5fef4cc2f994dec3732fbef6e8332692c09c6a88a88eb8b1", "modified_time": 1704477178.584972, "created_time": 1704477178.584972}, "index": {"document_hash": "08fe9a9998983dbcd7bc9e8fefdf2cb20689d38e62740df1e8350f65204afb71", "modified_time": 1704531027.352585, "created_time": 1704531027.352585}, "비행기 이착륙 전에 창문을 여는 이유": {"document_hash": "113a69e7cd33ad5df4318517d603da0be1aeb7bedd70a8401627b72e7fab7596", "modified_time": 1704476911.9945295, "created_time": 1704476911.9947312}, "styletest": {"document_hash": "2085e07134bde5e992f8abc71de7a99fad9d9ee5f0d70d720b5dbf2dd8a9da2b", "modified_time": 1703728744.234834, "created_time": 1703728744.234834}, "일론 머스크": {"document_hash": "5b435260784561031d93a587f53875fcec5cef5a9402b593035e6e3713477575", "modified_time": 1704530271.5391464, "created_time": 1704530271.5391464}, "제텔카스텐": {"document_hash": "9fc78da304f511c30bff3eab9ba8b3a8c822a76587757ca17d75d6090572ca50", "modified_time": 1704476351.5751739, "created_time": 1704476351.5751739}, "쇼가쓰": {"document_hash": "008472047d1ba09a741cac94d6d0232ea524e6d8de9fa179c34ea4ece16de811", "modified_time": 1704478067.5957394, "created_time": 1704478067.5957394}}