{"남중 고도": {"document_hash": "4aafe62c1de367bdb7ad5a6cda08808c999eda6b7e3ceaff4763b980291f38d2", "modified_time": 1704476159.6542969, "created_time": 1704476159.6542969}, "인간을 바꾸는 세 가지 방법": {"document_hash": "877a818e0d896da8c03c7f88953f1c3bdcc15efc91feb1abe41303e3e7ab38c2", "modified_time": 1703849857.8819585, "created_time": 1703849857.8819585}, "플라자 합의": {"document_hash": "973889d6bd666d88ebba30c1693d6aac46e5c00f99afff3402ba74496c8996b3", "modified_time": 1704473876.024619, "created_time": 1704473876.024619}, "Apartheid": {"document_hash": "0dad8a0be6a13e7d17dcc6eef056dddd1c46000e420a0865fa61045ead5a4acd", "modified_time": 1704529882.4697502, "created_time": 1704529882.4697502}, "Lockstep": {"document_hash": "397863cfccfdd2a66b5952fa71cd80a030567840f30b1eabbb0fe9409e3c9d6f", "modified_time": 1705239193.7421982, "created_time": 1705239193.7421982}, "wiki.chiho.one": {"document_hash": "7dead7d980a140bcd9381d05435a475644571f018ec9eb082361c9abe6a793e7", "modified_time": 1704477178.584972, "created_time": 1704477178.584972}, "index": {"document_hash": "e73521f5b948bcd7c3622c56a8fbe3226c13df0d3ac0856f87c91272b45e5c3c", "modified_time": 1705239193.7423346, "created_time": 1705239193.7423346}, "비행기 이착륙 전에 창문을 여는 이유": {"document_hash": "86d8a628ec06794938c9b1f9d04a243e829aee78c489f62a9bab13ac59a091dd", "modified_time": 1704476911.9945295, "created_time": 1704476911.9947312}, "styletest": {"document_hash": "719bb47c603a28ce363eb0a134aff17fc97a8dc061456ebe7019501a81f81e9d", "modified_time": 1703728744.234834, "created_time": 1703728744.234834}, "일론 머스크": {"document_hash": "0e164be365604859ddbf81e6d5c9318179cce6d33e48d6e18fe3ec290b2948e1", "modified_time": 1704530271.5391464, "created_time": 1704530271.5391464}, "제텔카스텐": {"document_hash": "78c979c895b9e51adc5ac290dae6ead1bb0d5033721b94f34efb4e701a7f8611", "modified_time": 1704476351.5751739, "created_time": 1704476351.5751739}, "쇼가쓰": {"document_hash": "f1074dec18f1ac693a5b60006ca91482986944c86c4550f9a4101f9efee4afa6", "modified_time": 1704478067.5957394, "created_time": 1704478067.5957394}}