{"남중 고도": {"document_hash": "4aafe62c1de367bdb7ad5a6cda08808c999eda6b7e3ceaff4763b980291f38d2", "modified_time": 1703750528.9577909, "created_time": 1703750528.9577909}, "인간을 바꾸는 세 가지 방법": {"document_hash": "877a818e0d896da8c03c7f88953f1c3bdcc15efc91feb1abe41303e3e7ab38c2", "modified_time": 1703849857.8819585, "created_time": 1703849857.8819585}, "플라자 합의": {"document_hash": "973889d6bd666d88ebba30c1693d6aac46e5c00f99afff3402ba74496c8996b3", "modified_time": 1704473876.024619, "created_time": 1704473876.024619}, "wiki.chiho.one": {"document_hash": "60ae75aeb764711d2738f66bfe865d07a5a1b9351e3d8d1028981239d44f6e70", "modified_time": 1703588332.9202235, "created_time": 1703588332.9202235}, "index": {"document_hash": "370a8c66297161ab840054cbb2b51d96b66af7b96d0ec470baeccb4b07234720", "modified_time": 1704471366.0871286, "created_time": 1704471366.0871286}, "styletest": {"document_hash": "b01d43b0a49a10aa2330ef054dc7d6225561f4e89173515567c14c06cde69a6e", "modified_time": 1703728744.234834, "created_time": 1703728744.234834}, "제텔카스텐": {"document_hash": "d417b3c34f6d61c367619dafa9dd456be9ee687f797563585c374848e44977be", "modified_time": 1704474215.9812002, "created_time": 1704474215.9812002}}